Run,Assay Type,AssemblyName,AvgSpotLen,Bases,BioProject,BioSample,Bytes,Center Name,Consent,DATASTORE filetype,DATASTORE provider,DATASTORE region,Experiment,GEO_Accession (exp),Instrument,LibraryLayout,LibrarySelection,LibrarySource,od600_nm,Organism,phenotype,Platform,ReleaseDate,Sample Name,source_name,SRA Study,strain
SRR1636723,RNA-Seq,ASM674v1,98,6616868265,PRJNA265114,SAMN03145631,3675179409,GEO,public,"bam,sra","gs,ncbi,s3","gs.US,ncbi.public,s3.us-east-1",SRX745814,GSM1533384,Illumina HiSeq 2000,PAIRED,cDNA,TRANSCRIPTOMIC,0.5,Vibrio cholerae,WT,ILLUMINA,2015-02-17T00:00:00Z,GSM1533384,LB liquid medium planktonic cells,SRP049352,C7258
SRR1636724,RNA-Seq,ASM674v1,98,4393327578,PRJNA265114,SAMN03145632,2515963797,GEO,public,"bam,sra","gs,ncbi,s3","gs.US,ncbi.public,s3.us-east-1",SRX745815,GSM1533385,Illumina HiSeq 2000,PAIRED,cDNA,TRANSCRIPTOMIC,0.5,Vibrio cholerae,HNS.KO,ILLUMINA,2015-02-17T00:00:00Z,GSM1533385,LB liquid medium planktonic cells,SRP049352,C7258
SRR1636725,RNA-Seq,ASM674v1,96,3646148610,PRJNA265114,SAMN03145635,1955239084,GEO,public,"bam,sra","gs,ncbi,s3","gs.US,ncbi.public,s3.us-east-1",SRX745816,GSM1533386,Illumina HiSeq 2000,PAIRED,cDNA,TRANSCRIPTOMIC,0.5,Vibrio cholerae,WT,ILLUMINA,2015-02-17T00:00:00Z,GSM1533386,LB liquid medium planktonic cells,SRP049352,C7258
SRR1636726,RNA-Seq,ASM674v1,96,3788173563,PRJNA265114,SAMN03145633,2023355782,GEO,public,"bam,sra","gs,ncbi,s3","gs.US,ncbi.public,s3.us-east-1",SRX745817,GSM1533387,Illumina HiSeq 2000,PAIRED,cDNA,TRANSCRIPTOMIC,0.5,Vibrio cholerae,HNS.KO,ILLUMINA,2015-02-17T00:00:00Z,GSM1533387,LB liquid medium planktonic cells,SRP049352,C7258
SRR1636727,RNA-Seq,ASM674v1,98,3360509391,PRJNA265114,SAMN03145636,1566492598,GEO,public,"bam,sra","gs,ncbi,s3","gs.US,ncbi.public,s3.us-east-1",SRX745818,GSM1533388,Illumina HiSeq 2000,PAIRED,cDNA,TRANSCRIPTOMIC,2,Vibrio cholerae,WT,ILLUMINA,2015-02-17T00:00:00Z,GSM1533388,LB liquid medium planktonic cells,SRP049352,C7258
SRR1636728,RNA-Seq,ASM674v1,98,4271964867,PRJNA265114,SAMN03145634,1927015687,GEO,public,"bam,sra","gs,ncbi,s3","gs.US,ncbi.public,s3.us-east-1",SRX745819,GSM1533389,Illumina HiSeq 2000,PAIRED,cDNA,TRANSCRIPTOMIC,2,Vibrio cholerae,HNS.KO,ILLUMINA,2015-02-17T00:00:00Z,GSM1533389,LB liquid medium planktonic cells,SRP049352,C7258
SRR1636729,RNA-Seq,ASM674v1,98,3475208034,PRJNA265114,SAMN03145637,1628889532,GEO,public,"bam,sra","gs,ncbi,s3","gs.US,ncbi.public,s3.us-east-1",SRX745820,GSM1533390,Illumina HiSeq 2000,PAIRED,cDNA,TRANSCRIPTOMIC,2,Vibrio cholerae,WT,ILLUMINA,2015-02-17T00:00:00Z,GSM1533390,LB liquid medium planktonic cells,SRP049352,C7258
SRR1636730,RNA-Seq,ASM674v1,98,3786878928,PRJNA265114,SAMN03145638,1724615101,GEO,public,"bam,sra","gs,ncbi,s3","gs.US,ncbi.public,s3.us-east-1",SRX745821,GSM1533391,Illumina HiSeq 2000,PAIRED,cDNA,TRANSCRIPTOMIC,2,Vibrio cholerae,HNS.KO,ILLUMINA,2015-02-17T00:00:00Z,GSM1533391,LB liquid medium planktonic cells,SRP049352,C7258